ID,time,event,Death_Causes,Density,RoadBuild,LocCore,Age_F,Age_M,Conf2,Conf1,TimePres,Moose,Country,LocEast,F_male ,F_female,F
1,3,0,0,-0.346325249,-0.502912137,0.64412441,-0.255656418,-0.106828884,1.551083256,-1.633725788,-0.734513317,-0.713953031,1,-1.57529861,-1.186398476,-1.388768732,-0.586316491
1,4,0,0,-0.346325249,-0.48423999,1.298470577,0.144077558,0.346272934,1.553801105,-1.695256786,-0.520486157,-0.803930084,1,-1.597065362,-1.186398476,-1.388768732,-0.586316491
1,5,1,2,0.359719043,-0.52033726,1.148767891,0.543811534,0.799374752,1.56867076,-1.665762157,-0.180725629,-0.971504909,1,-1.560538964,-1.186398476,-1.388768732,-0.586316491
2,1,0,0,-0.346325249,-0.193891443,0.956702754,-0.655390394,-0.559930702,1.016161393,-1.927808883,-1.177325016,-0.488336916,1,-1.790030254,-1.186398476,-0.269921544,-0.322830197
2,2,0,0,-0.346325249,-0.151799864,1.608437221,-0.255656418,-0.106828884,0.965466483,-1.969429587,-0.937414513,-0.771533012,1,-1.776532115,-1.186398476,-0.269921544,-0.322830197
2,3,1,2,-0.346325249,-0.160338652,1.48700083,0.144077558,0.346272934,1.078111824,-1.945079026,-0.59678671,-0.990496468,1,-1.738595121,-1.186398476,-0.269921544,-0.322830197
3,1,1,2,-1.052369541,2.362169928,2.555241594,-1.05512437,-1.013032519,-2.118731236,-2.539093076,-1.250667713,-0.535002096,3,-0.083977943,0.4353139,-0.642310763,-0.532566755
4,1,1,4,-0.346325249,-1.695665723,1.651678579,0.144077558,0.346272934,1.116957873,-0.10715726,-0.309665561,-0.633366273,2,-1.329648546,0.040845445,-0.082467287,0.013909391
5,1,1,2,-1.052369541,-0.555768278,0.448709136,-0.655390394,-0.106828884,1.861750144,-1.307463263,-0.993333433,0.55103471,1,-1.47772668,-0.485116236,0.663990682,-0.616647577
6,1,0,0,-1.052369541,2.043642791,1.881275289,-1.05512437,-0.106828884,-2.231148491,-2.063399654,-1.250667713,0.027951221,3,1.370036484,0.040845445,0.47737619,0.182415427
6,2,1,2,-1.052369541,1.909001632,2.000428147,-0.655390394,0.346272934,-2.254945096,-2.168810459,-1.000368538,-0.104372833,3,1.375472438,0.040845445,0.47737619,0.182415427
7,1,0,0,0.359719043,0.115078243,0.728252963,-1.05512437,-1.013032519,-0.285078229,0.657552944,-0.768549874,0.972161205,3,1.607888133,-0.046809225,-0.642310763,-0.721748605
7,2,1,2,0.359719043,-0.044907247,0.547582055,-1.05512437,-1.013032519,-0.083423512,0.952041648,-0.614883602,0.762299567,3,1.538207004,-0.046809225,-0.642310763,-0.721748605
8,1,0,0,-0.346325249,-0.504876023,-0.316249333,-1.05512437,-1.013032519,1.327697441,0.899401262,-1.237074384,-0.908000121,3,1.15215107,-0.046809225,-0.175768561,1.719879263
8,2,1,3,-0.346325249,-0.279159147,-0.406055654,-0.655390394,-0.559930702,1.397741,0.996261771,-0.864293715,-1.049604756,3,1.166463454,-0.046809225,-0.175768561,1.719879263
9,1,1,2,-1.052369541,-0.233091461,0.520859517,0.543811534,0.346272934,1.297878351,-0.947786958,0.192782213,2.424353617,1,-1.267238292,0.298345063,0.337412335,0.107387192
10,1,1,2,-1.052369541,0.75309929,2.905613025,-1.05512437,-1.013032519,-2.157913787,-2.590339264,-1.245136367,-0.311199694,3,0.017252361,0.703775962,0.623168389,2.505830776
11,1,0,0,-0.346325249,-1.964203601,1.720761048,0.144077558,-1.013032519,1.515967841,-0.560059078,-0.429809664,-1.505580122,3,-1.028274221,0.4353139,0.663990682,0.218084588
11,2,1,0,-1.052369541,-1.984999647,1.868720824,0.543811534,-0.559930702,1.497327287,-0.59039885,-0.04846433,-1.475109664,3,-1.032723905,0.4353139,0.663990682,0.218084588
12,1,0,0,-1.052369541,-2.08424726,2.78529889,0.144077558,-0.106828884,-0.099210384,-1.615746018,-1.250667713,-1.365650307,3,-1.156787509,0.4353139,1.876990853,0.097547423
12,2,1,2,0.359719043,-2.169047362,2.089245393,0.543811534,0.346272934,0.583881199,-1.209136383,-1.138209229,-0.954854923,3,-1.108781385,0.4353139,1.876990853,0.097547423
13,1,0,0,-1.052369541,-1.324402178,0.740754485,-0.655390394,-0.559930702,0.012781147,-0.997104821,0.813229704,-0.958025398,3,0.420143696,1.048941471,2.296870475,0.355841348
13,2,1,2,-1.052369541,-1.127867176,0.485609509,-0.255656418,-0.106828884,0.131767615,-0.951094329,1.465838676,-0.808153329,3,0.491556532,1.048941471,2.296870475,0.355841348
14,1,1,3,-0.346325249,1.35220556,-0.26689037,-1.05512437,-1.013032519,-1.222176222,-0.832725417,-1.250667713,-0.265799582,3,-0.069413257,0.543524555,0.419056922,0.273322589
15,1,0,0,1.065763335,-0.909516834,-1.372762078,0.94354551,-0.559930702,1.542187037,1.567717152,0.309896652,0.436778751,3,-0.263937831,0.4353139,0.337412335,1.815817006
15,2,1,2,1.771807628,-0.91772269,-1.073206146,1.343279486,-0.106828884,1.528560014,1.565523351,0.662635979,0.859988032,3,-0.262263466,0.4353139,0.337412335,1.815817006
16,1,0,0,-0.346325249,-1.977762888,1.808245366,-1.05512437,-1.013032519,1.616255508,-0.513656727,0.301260077,-1.327328922,3,-1.067197486,0.665424239,0.698984632,0.557556603
16,2,0,0,1.065763335,-1.839196631,1.530774777,-0.655390394,-0.559930702,1.588219401,-0.572652525,0.53550272,-1.225999112,3,-1.085191181,0.665424239,0.698984632,0.557556603
16,3,1,2,-0.346325249,-1.995137371,1.727617251,-0.255656418,-0.106828884,1.439596287,-0.615646617,0.795949547,-0.644195713,3,-1.01216132,0.665424239,0.698984632,0.557556603
17,1,0,0,1.771807628,0.676549099,-1.519175322,1.343279486,-0.559930702,0.518235802,0.930278348,0.466411088,-0.478999333,3,-0.194818647,-0.041333613,0.337412335,-0.396900946
17,2,1,2,2.47785192,0.894834593,-1.422357622,1.743013462,-0.106828884,0.195657704,0.748729147,0.682711062,-0.298708537,3,-0.244980803,-0.041333613,0.337412335,-0.396900946
18,1,0,0,0.359719043,1.096904526,0.218675292,0.94354551,-0.559930702,0.663539613,1.297553716,0.185516577,-0.126201613,3,1.42171245,0.4353139,-0.642310763,-0.2628341
18,2,0,0,1.065763335,1.087091058,0.46964538,1.343279486,-0.106828884,0.973984135,1.561361671,0.363349138,-0.398349746,3,1.320424804,0.4353139,-0.642310763,-0.2628341
18,3,1,2,-0.346325249,0.9957501,0.34356408,1.743013462,0.346272934,0.593953543,1.338201646,0.74388816,-1.198532193,3,1.419774314,0.4353139,-0.642310763,-0.2628341
19,1,1,2,-1.052369541,-1.107085195,0.693505575,0.144077558,-1.013032519,0.154680843,-0.926920254,1.73475465,0.158675607,3,0.477393235,0.90101019,2.296870475,2.851649442
20,1,1,2,-0.346325249,0.765058329,0.96857875,-1.05512437,-0.559930702,-1.991004834,-2.135355788,-1.250667713,-1.253161631,3,-0.528304091,0.90101019,0.436553897,0.633199824
21,1,1,2,-0.346325249,0.677817238,0.753283552,-1.05512437,-1.013032519,-1.668816447,-2.039996273,-1.250667713,-1.198575888,3,-0.204715753,0.528455402,0.247025232,0.240666857
22,1,1,2,1.065763335,1.18266656,-1.289381329,1.343279486,-1.013032519,-0.613877978,-0.120850419,1.885832359,-1.02437721,3,0.540824164,-0.17830245,0.191620136,0.034216213
23,1,0,0,-0.346325249,1.788809222,1.657645739,-1.05512437,0.799374752,-2.29811548,-1.987618159,-1.133610576,0.276284067,3,1.03273211,-0.485116236,2.728418728,0.626434983
23,2,1,2,0.359719043,1.750596918,1.63882949,-0.655390394,1.252476569,-2.302253689,-2.00368537,-0.816222063,0.498740508,3,1.019646829,-0.485116236,2.728418728,0.626434983
24,1,1,2,0.359719043,-1.717999892,1.567886735,0.144077558,-0.106828884,1.472818555,-0.445837442,0.351387515,0.240894605,3,-1.00314727,0.413400232,0.698984632,-0.238296177
25,1,0,0,0.359719043,-1.880034039,1.831234762,-1.05512437,-1.013032519,1.65488227,-0.243914273,0.067177335,-1.001517266,3,-1.268832379,0.413400232,0.582346095,0.163965861
25,2,0,0,1.065763335,-1.853193,1.385802988,-0.655390394,-1.013032519,1.632930304,-0.1687926,0.616544275,-0.689316368,3,-1.2567219,0.413400232,0.582346095,0.163965861
25,3,1,0,0.359719043,-1.675731977,1.691475943,-0.255656418,-0.559930702,0.998846145,-0.143044195,1.051971488,-0.134388635,2,-1.356174624,0.413400232,0.582346095,0.163965861
26,1,1,2,-0.346325249,-1.425723184,-0.343930181,-1.05512437,-1.013032519,0.376181865,1.316024392,-1.201028592,0.414001173,2,-0.691256554,0.413400232,-0.315732416,-0.326644999
27,1,1,2,1.065763335,-1.029049678,-0.431783842,-0.255656418,-0.106828884,0.479290617,1.164216539,-0.396961725,1.215288208,3,-0.58469351,0.413400232,0.314087016,1.995761774
28,1,0,0,-0.346325249,-1.338615578,-0.632911207,-1.05512437,-1.013032519,0.088882163,1.004198477,-1.049119374,0.691589134,3,-0.645647296,0.413400232,0.873930493,-0.052509047
28,2,1,0,0.359719043,-0.985161133,-0.51517142,-0.655390394,-0.559930702,0.585073076,1.206063161,-0.734668041,0.770544653,3,-0.569968268,0.413400232,0.873930493,-0.052115456
29,1,1,2,-0.346325249,-0.363719779,0.846815228,-1.05512437,-1.013032519,-1.313824833,-1.305620315,-1.250667713,0.732231494,3,2.023578043,0.72568963,-0.169940217,-0.198875604
30,3,0,0,-1.052369541,0.968599455,-0.128808778,0.144077558,1.705578387,-0.574107375,0.075975197,-0.33727033,-0.565129424,3,0.499515503,-2.588962957,-1.388768732,-1.163172922
30,4,1,3,-1.052369541,0.833798304,-0.396555211,0.543811534,2.158680205,-0.623539879,0.054772719,0.10783829,-0.617444932,3,0.485489824,-2.588962957,-1.388768732,-1.163172922
31,1,0,0,1.771807628,0.784336654,-1.908367948,-1.05512437,-1.013032519,-0.153215512,0.652906227,-0.865606208,-0.774338625,3,0.102748217,1.048941471,-0.169940217,-0.396900946
31,2,0,0,1.771807628,0.784336654,-1.805168581,-1.05512437,-0.559930702,-0.153215512,0.652906227,-0.504306799,-0.82405936,3,0.102748217,1.048941471,-0.169940217,-0.396900946
31,3,1,2,1.771807628,0.704420623,-1.877043253,-1.05512437,-0.106828884,-0.161969087,0.663119118,0.013179775,-0.793275671,3,0.139366361,1.048941471,-0.169940217,-0.396900946
32,1,0,0,-1.052369541,-1.797809332,1.128497291,-1.05512437,-1.013032519,0.254424641,-0.556574269,-1.174610763,-0.390346805,3,-0.809723649,0.4353139,0.314087016,-0.142296935
32,2,1,0,-1.052369541,-1.749738649,0.979490591,-0.655390394,-0.559930702,0.165903797,-0.362711384,-0.860166265,-0.341064328,3,-0.870264577,0.4353139,0.314087016,-0.142296935
33,1,0,0,-1.052369541,-0.89227375,-0.218207387,-0.655390394,-0.106828884,-0.644111555,-0.102342615,-1.250667713,1.101383991,3,-0.786626579,-1.186398476,-0.082467287,0.182415427
33,2,0,0,-1.052369541,-0.637202585,0.074323318,-0.255656418,0.346272934,-0.665040773,0.033655281,-0.948650759,1.595566238,3,-0.815079325,-1.186398476,-0.082467287,0.182415427
33,3,1,0,-1.052369541,-1.603665349,0.106002629,0.144077558,0.799374752,-0.36991363,-0.37520541,-1.027254402,1.007420287,3,-0.798954955,-1.186398476,-0.082467287,0.182415427
34,1,0,0,-1.052369541,1.630393493,0.457659243,1.343279486,-1.013032519,0.390092028,1.539275357,-1.250667713,-0.282682034,3,0.968097014,0.040845445,-2.88168467,-1.163172922
34,2,0,0,-1.052369541,1.308477849,0.593179316,1.743013462,-0.559930702,0.540130624,1.528881789,-0.943828292,-0.376144589,3,0.943532007,0.040845445,-2.88168467,-1.163172922
34,3,0,0,-1.052369541,1.643655532,0.832388291,2.142747438,-0.106828884,0.338334254,1.592284453,-0.680458003,-0.538130589,3,1.008809326,0.040845445,-2.88168467,-1.163172922
34,4,0,0,-0.346325249,0.904227664,0.342374691,2.542481414,0.346272934,1.154203502,1.689979464,-0.75860256,-0.076846473,3,1.01667655,0.040845445,-2.88168467,-1.163172922
34,5,1,2,1.065763335,0.941425783,-0.069308895,2.94221539,0.799374752,0.91435682,1.598353797,-0.315599305,-0.356966749,3,0.956250304,0.040845445,-2.88168467,-1.163172922
35,1,0,0,3.183896212,0.251796029,-1.265525676,-1.05512437,-1.013032519,0.918576096,1.038970891,2.094220366,0.994333805,3,-0.377037782,0.543524555,0.337412335,0.218146087
35,2,0,0,1.771807628,0.622812112,-1.061170235,-0.655390394,-0.559930702,0.237665369,0.759701923,3.595115615,1.374421135,3,-0.462006097,0.543524555,0.337412335,0.218146087
36,1,1,0,-1.052369541,0.748804466,1.038739402,-1.05512437,-0.559930702,0.656485682,-1.320657681,-0.264420707,-0.81145583,1,-1.28455536,0.742127685,0.990569029,0.248169681
37,1,1,2,-0.346325249,1.463724512,1.701674488,-0.655390394,-1.013032519,-2.309632499,-2.187777403,-0.998113389,-0.422680982,3,0.754007593,-2.588962957,-2.88168467,0.056736983
38,1,0,0,-1.052369541,-1.15263802,0.696876535,0.543811534,-1.013032519,0.12427994,-0.945462633,2.094645292,0.449751947,3,0.471808194,0.843482605,2.296870475,-0.310802971
39,1,0,0,-0.346325249,-1.622076485,1.667610015,0.543811534,-1.013032519,0.898846201,-0.091817393,0.083323092,-0.800676301,2,-1.345738511,0.4353139,-0.082467287,0.097547423
39,2,1,0,-1.052369541,-1.172357457,1.631081824,0.94354551,-0.559930702,0.07947401,0.083299932,0.59383424,-0.300735612,2,-1.341231486,0.4353139,-0.082467287,0.097547423
40,1,1,0,-0.346325249,-0.703298182,0.071881174,-0.655390394,-1.013032519,-1.501015359,1.318025472,-0.011445991,2.675524203,1,-1.140949846,0.294238354,-2.88168467,-1.579825621
41,1,0,0,2.47785192,-1.279678242,-0.142299987,-1.05512437,-1.013032519,1.094815914,-0.619492239,-0.126596226,0.581572956,3,0.778847837,-2.588962957,0.419056922,-1.752329064
42,1,0,0,-1.052369541,-0.241997442,-0.015318007,-0.655390394,-0.559930702,-0.318843071,-0.511541039,-1.250667713,-1.025429186,3,1.534044027,-0.485116236,-0.175768561,-0.721613308
42,2,0,0,-1.052369541,0.041674557,0.189467746,-0.255656418,-0.106828884,-0.303750362,-0.469844249,-1.040351555,-1.892846227,3,1.626581392,-0.485116236,-0.175768561,-0.721613308
42,3,1,0,-0.346325249,-0.18557524,0.306681547,0.144077558,0.346272934,-0.095913044,-0.322099007,-0.729787536,-1.801534186,3,1.509616639,-0.485116236,-0.175768561,-0.721613308
43,1,0,0,3.183896212,0.14525724,-1.598334533,-1.05512437,-1.013032519,1.510945492,1.424352798,0.421383945,0.641869308,3,-0.238065444,0.407924621,0.337412335,0.188110193
43,2,1,2,3.183896212,0.075067573,-1.32305289,-1.05512437,-0.559930702,1.580821451,1.403488135,0.70310455,1.093744957,3,-0.285738988,0.407924621,0.337412335,0.188110193
44,1,1,0,2.47785192,-0.989591213,-1.047485806,1.743013462,-0.106828884,1.319818779,1.532537674,0.944464227,1.00311641,3,-0.20380976,0.407924621,0.337412335,0.188565283
45,1,0,0,1.771807628,-0.379611825,-0.889288041,1.343279486,-1.013032519,0.844199449,1.197449546,0.903423136,1.462845906,2,-0.617733559,0.495579291,0.663990682,-0.181656009
45,2,1,0,1.065763335,-0.482961531,-0.801714448,1.743013462,-0.559930702,1.218898809,1.358883712,0.548967389,1.759455329,2,-0.606357048,0.495579291,0.663990682,-0.181656009
46,1,0,0,-0.346325249,-1.838135877,1.152192183,-1.05512437,-1.013032519,1.611560212,-0.554664452,-1.250667713,-1.513204046,3,-1.089617928,0.742127685,0.663990682,1.984323043
46,2,0,0,-0.346325249,-1.874252074,1.439198629,-0.655390394,-0.559930702,1.742026511,-0.438303076,-0.950023038,-1.335109966,3,-1.133461074,0.742127685,0.663990682,1.984323043
46,3,1,0,-0.346325249,-1.961204951,1.802563185,-0.255656418,-0.106828884,1.470662717,-0.621840495,-0.706074311,-1.534939447,3,-1.036657517,0.742127685,0.663990682,1.984323043
47,1,1,0,1.065763335,-0.479257738,-1.03596882,0.94354551,-0.559930702,1.447791419,1.51226524,-0.361159803,1.141588272,3,-0.587033035,2.276185391,0.663990682,0.440709352
48,1,1,2,0.359719043,0.954291932,-0.280870387,-1.05512437,-1.013032519,-1.4402799,-0.52552081,-0.316789951,1.006777088,2,-0.732679898,0.4353139,-2.88168467,-1.433434465
49,1,1,0,1.065763335,0.920151984,-0.219618238,-0.655390394,-0.559930702,-1.40939971,-0.534334735,-0.010067747,0.885340102,2,-0.740053987,0.4353139,0.247025232,0.408828502
50,1,0,0,-0.346325249,-0.128967267,-0.331087757,-1.05512437,-1.013032519,0.393892386,-0.429767513,-0.937871948,1.532446218,1,-1.023365807,0.939361913,1.876990853,0.140596411
50,2,0,0,-0.346325249,0.077691875,-0.142809894,-0.655390394,-0.559930702,0.219438819,-0.39018802,-0.416872063,1.712484921,1,-0.998192983,0.939361913,1.876990853,0.140596411
50,3,1,0,0.359719043,-0.185159581,-0.103827318,-0.255656418,-0.106828884,0.213725012,-0.336955646,0.040995733,1.833199849,1,-0.993078141,0.939361913,1.876990853,0.140596411
51,1,0,0,0.359719043,-0.900837862,0.406540719,-1.05512437,-1.013032519,-0.804480165,-1.30649252,-1.113307771,0.225562,3,1.599436028,0.528455402,-0.169940217,-0.324332653
52,1,0,0,-0.346325249,0.625786273,-0.221637364,-1.05512437,-1.013032519,-0.14045701,-0.354333657,-0.992767963,0.437104699,3,0.635448752,0.040845445,-1.388768732,-0.154596646
52,2,1,0,-1.052369541,-0.21710819,-0.155429474,-0.655390394,-0.559930702,0.231344996,-0.432461804,-1.006022712,1.166079537,3,0.672995826,0.040845445,-1.388768732,-0.154596646
53,1,0,0,-0.346325249,-1.444314203,-0.331004447,-1.05512437,-0.106828884,0.600419231,0.008067501,-1.125105766,-0.859642383,3,0.223038764,-1.186398476,0.47737619,0.134446556
53,2,1,0,-1.052369541,-1.444314203,-0.47788315,-0.655390394,0.346272934,0.600419231,0.008067501,-0.763806357,-1.040897734,3,0.223038764,-1.186398476,0.47737619,0.134446556
54,1,1,4,1.065763335,0.865980336,-1.395211146,-1.05512437,-1.013032519,0.20638747,0.755854354,-0.495222181,-0.405696573,3,-0.236368142,0.802393076,0.23244243,0.295572766
55,1,1,2,2.47785192,-1.375275518,-0.573266757,-1.05512437,-1.013032519,0.352921831,0.890659841,-1.061062082,0.973500744,3,-0.249923621,2.232358056,-2.88168467,0.709113638
56,1,0,0,-0.346325249,0.753570923,-0.438005732,-0.255656418,-0.106828884,-0.709009735,0.048245634,-0.701346468,-0.742403088,3,0.478654743,0.090159612,-0.642310763,0.293211221
56,2,0,0,-0.346325249,0.594350281,-0.103350387,0.144077558,0.346272934,-0.7705932,-0.022196249,-0.330668154,-0.719313947,3,0.453665411,0.090159612,-0.642310763,0.293211221
56,3,0,0,-0.346325249,0.959844831,-0.327959493,0.543811534,0.799374752,-0.725830366,0.060199263,-0.134894801,-0.833404855,3,0.498081971,0.090159612,-0.642310763,0.293211221
56,4,0,0,-0.346325249,0.403109528,-0.460068473,0.94354551,1.252476569,-0.911722053,-0.184867695,0.141223454,-0.769097549,3,0.393674959,0.090159612,-0.642310763,0.293211221
57,1,0,0,-0.346325249,0.358643289,-0.452694188,-1.05512437,-1.013032519,-0.765689413,-0.031052733,-1.250667713,-0.369615367,3,0.439800289,0.090159612,-0.642310763,0.293211221
57,2,1,0,-1.052369541,0.608048212,-0.452935798,-0.655390394,-0.559930702,-1.027652272,-0.310913467,-1.000752943,-0.443412839,3,0.378135471,0.090159612,-0.642310763,0.293211221
58,1,1,2,-1.052369541,-0.562659623,-0.345802452,-0.255656418,-0.559930702,1.182212015,0.73736709,-0.695255819,-1.454309552,3,1.200053979,-0.041333613,-0.175768561,-0.25176436
59,1,0,0,0.359719043,-0.462260406,0.011909746,-1.05512437,-0.106828884,1.218255686,0.780989363,-0.332209776,-1.51066462,3,1.206682632,-0.041333613,-0.169940217,1.57843259
59,2,1,0,0.359719043,-0.541311472,-0.2888301,-0.655390394,0.346272934,1.254925169,0.813327323,-0.009667083,-1.400856751,3,1.157988413,-0.041333613,-0.169940217,1.57843259
60,1,0,0,0.359719043,-1.555900116,-0.569588443,-1.05512437,0.346272934,0.441648658,0.169254379,-0.951146532,-1.541344199,3,1.024153854,-0.041333613,-0.169940217,1.57843259
60,2,0,0,0.359719043,-1.616669491,-0.590041039,-0.655390394,0.799374752,0.58215602,0.261222532,-0.47032454,-1.481897446,3,1.048971162,-0.041333613,-0.169940217,1.57843259
61,1,0,0,1.065763335,0.684054453,-1.024558851,-0.655390394,-1.013032519,-0.838463799,0.204851302,0.379086544,0.320301773,3,-0.368516867,2.232358056,0.401559947,0.122146845
62,1,0,0,1.771807628,-1.04560125,0.615222133,-0.655390394,-1.013032519,-1.455854072,0.912806313,-0.430919305,1.342641659,2,-1.276401429,0.512017346,-2.88168467,-1.760742066
63,1,1,0,-0.346325249,-0.215376335,0.511792706,0.94354551,-0.559930702,1.251645203,-0.949004032,0.511143517,2.963535206,1,-1.263992775,2.339188588,0.337412335,0.107387192
64,1,0,0,-1.052369541,1.90928342,1.877683503,-0.255656418,-1.013032519,-2.27304051,-2.162927441,-0.734344105,-0.519311797,3,1.319105955,1.048941471,0.47737619,0.158086599
64,2,1,0,-1.052369541,2.144405814,1.83936782,0.144077558,-0.559930702,-2.229342537,-2.082586608,-0.428664607,-0.848222504,3,1.386287004,1.048941471,0.47737619,0.158086599
65,1,0,0,-0.346325249,0.380810713,0.268928037,0.543811534,-0.559930702,-0.104959864,-0.273540695,-0.544896024,-0.592032197,3,1.596890075,0.413400232,-0.175768561,-0.496528603
65,2,0,0,0.359719043,0.676772083,0.233519322,0.94354551,-0.106828884,-0.007909142,-0.132202832,-0.37090683,-0.595934513,3,1.602796227,0.413400232,-0.175768561,-0.496528603
66,1,0,0,0.359719043,-0.402849234,-0.199274055,-1.05512437,-1.013032519,-0.657221471,-1.183167629,-1.202318222,-1.056633347,3,1.284919081,2.232358056,0.693144345,0.632584838
67,1,1,0,1.065763335,-1.361503797,1.008545962,-0.655390394,1.705578387,-0.986282161,0.472670231,-0.767856734,0.601367095,2,-1.248350073,1.881716936,0.187248878,0.607985417
68,1,0,0,-1.052369541,-0.715509639,0.066132263,-1.05512437,-1.013032519,-0.648516417,-0.022343834,-0.476545487,0.822509995,3,-0.80951722,0.843482605,0.349080966,0.185859346
68,2,0,0,-1.052369541,-0.592727626,0.327924786,-0.655390394,-0.559930702,-0.684807527,0.142696039,-0.325173824,0.88275933,3,-0.842591673,0.843482605,0.349080966,0.185859346
68,3,1,0,-0.346325249,-0.900182878,0.329521199,-0.255656418,-0.106828884,-0.770111145,0.427239962,-0.362399897,1.154485033,3,-0.904623475,0.843482605,0.349080966,0.185859346
69,1,0,0,2.47785192,-0.663699055,-0.653941985,-0.655390394,-0.559930702,0.424179083,0.134048535,0.625257249,-0.018516401,3,0.459674778,-0.041333613,-2.88168467,-1.910995332
70,1,0,0,-0.346325249,-0.96229143,1.517935892,-1.05512437,-1.013032519,-0.327028596,0.136763577,0.761386274,-0.305315417,2,-1.350314345,-0.041333613,0.582346095,-0.308343029
70,2,0,0,0.359719043,-0.925205586,1.089885176,-0.655390394,-0.559930702,-0.589442005,0.187373532,0.83062084,-0.167259761,2,-1.346873868,-0.041333613,0.582346095,-0.308343029
70,3,0,0,0.359719043,-0.919996574,1.379332301,-0.255656418,-0.106828884,-0.703496136,0.192856789,1.062919517,0.025080732,2,-1.355257164,-0.041333613,0.582346095,-0.308343029
70,4,1,0,1.771807628,-1.061232957,1.518615827,0.144077558,0.346272934,-0.10580345,0.099141232,1.895609461,0.113809538,2,-1.350658393,-0.041333613,0.582346095,-0.308343029
71,1,0,0,-0.346325249,-0.013878771,-0.590436266,-0.655390394,-0.559930702,0.301157344,0.626701635,0.598622198,-0.064714559,3,0.09075242,0.939361913,0.314087016,-0.052509047
71,2,0,0,1.065763335,-0.013878771,-0.585443625,-0.255656418,-0.106828884,0.301157344,0.626701635,0.959921607,0.110440939,3,0.09075242,0.939361913,0.314087016,-0.052509047
72,1,0,0,1.771807628,1.241748324,-0.450310795,2.142747438,-0.559930702,-1.456238094,-0.17295184,3.093015715,1.512897499,2,-0.737909423,0.90101019,-0.362383053,-0.613375854
73,1,0,0,-1.052369541,1.108671477,-1.033550628,-1.05512437,-1.013032519,-0.596813656,-0.108900403,0.316417194,-0.364494701,3,0.536122179,0.298345063,0.191620136,1.932664258
73,2,0,0,-0.346325249,0.561783013,-1.339192811,-0.655390394,-0.559930702,-0.672668258,-0.110382687,-0.428831451,-0.572160771,3,0.544321983,0.298345063,0.191620136,1.932664258
73,3,0,0,1.065763335,1.039341893,-1.372774243,-0.255656418,-0.106828884,-0.537673691,0.08579303,1.026771793,-0.495238902,3,0.462323945,0.298345063,0.191620136,1.932664258
73,4,1,0,0.359719043,0.925811141,-1.383877195,0.144077558,0.346272934,-0.610996338,-0.027744882,0.818807919,-0.585742463,3,0.501476575,0.298345063,0.191620136,1.932664258
74,1,0,0,0.359719043,0.868400393,0.820230369,-1.05512437,-1.013032519,-1.761039498,-0.420597428,-1.250667713,-0.33349742,3,1.128239754,0.69830035,0.617340045,2.307805434
74,2,0,0,0.359719043,1.34431542,0.76689615,-0.655390394,-0.559930702,-1.617526219,-0.105629445,-0.898642392,-0.650556719,3,1.110383678,0.69830035,0.617340045,2.307805434
74,3,0,0,-0.346325249,0.686157431,1.351347276,-0.255656418,-0.106828884,-1.843386563,-0.646349514,-0.768896666,-0.377898422,3,1.164353295,0.69830035,0.617340045,2.307805434
74,4,0,0,-0.346325249,1.362858049,1.214896123,0.144077558,0.346272934,-2.059662712,-1.199760803,-0.878300746,0.074643764,3,1.11714995,0.69830035,0.617340045,2.307805434
74,5,1,0,-0.346325249,1.310430222,1.255105681,0.543811534,0.799374752,-2.08347179,-1.303961297,-0.660945023,0.386681962,3,1.156348452,0.69830035,0.617340045,2.307805434
75,1,1,2,-0.346325249,1.394471252,-0.002063356,-0.655390394,-1.013032519,0.874973227,1.778032522,1.063774816,-1.286940251,3,1.080371249,-2.588962957,0.349080966,-1.671150973
76,1,0,0,1.771807628,0.801375218,-1.63237094,-0.655390394,0.346272934,-0.092864294,0.687739123,0.152860973,-0.936162041,3,0.073378011,0.090159612,-0.169940217,-0.088178208
76,2,0,0,0.359719043,0.831921398,-1.825998447,-0.255656418,0.799374752,-0.241504812,0.569218005,0.083482001,-0.904259071,3,0.082300314,0.090159612,-0.169940217,-0.088178208
76,3,0,0,1.065763335,0.834302937,-1.65220669,0.144077558,1.252476569,0.071963759,0.74258278,0.588788917,-0.915414027,3,-0.049343807,0.090159612,-0.169940217,-0.088178208
77,1,0,0,1.771807628,0.77356767,-1.506143574,0.543811534,-0.559930702,0.65029528,1.108819608,0.126234554,-0.64394861,3,-0.068220558,0.090159612,0.337412335,1.903144952
77,2,1,0,1.065763335,0.782351651,-1.531883907,0.94354551,-0.106828884,0.468193484,0.946869502,0.004850623,-0.790059462,3,-0.121616763,0.090159612,0.337412335,1.903144952
78,2,0,0,-0.346325249,-0.086954042,0.086612758,0.144077558,0.346272934,0.237048322,0.497306737,-0.889368304,-0.51877739,3,0.321814861,-1.186398476,1.597063143,-0.00946006
78,3,0,0,-1.052369541,0.615616767,-0.670878095,0.543811534,0.799374752,0.284885695,0.830715259,-0.978173119,-0.307615826,3,0.11555826,-1.186398476,1.597063143,-0.00946006
78,4,0,0,-1.052369541,-0.313732264,-0.320921782,0.94354551,1.252476569,0.397670799,0.458177162,-0.915297156,-0.471086805,3,0.159286723,-1.186398476,1.597063143,-0.00946006
78,5,0,0,-0.346325249,0.635922927,-0.916256498,1.343279486,1.705578387,0.272682291,0.859426981,-0.479694501,-0.35334368,3,0.127404969,-1.186398476,1.597063143,-0.00946006
78,6,0,0,-1.052369541,0.526305744,-1.095651449,1.743013462,2.158680205,0.261453295,0.922550745,-0.254032478,-0.42344996,3,0.126590723,-1.186398476,1.597063143,-0.00946006
78,7,1,0,-1.052369541,0.46757197,-0.830640141,2.142747438,2.611782023,0.246189635,0.780903313,0.162109876,-0.621739865,3,0.183599428,-1.186398476,1.597063143,-0.00946006
79,1,0,0,-0.346325249,-0.911189717,-0.066104641,-1.05512437,-0.559930702,1.138997057,-0.193170216,-0.369716987,-1.056219691,3,0.510341537,0.742127685,0.23244243,-0.184115951
79,2,0,0,-0.346325249,-0.666827553,-0.225267337,-0.655390394,-0.106828884,1.046407182,-0.073724667,-0.226947524,-1.17522036,3,0.472920615,0.742127685,0.23244243,-0.184115951
79,3,0,0,-1.052369541,-0.650903778,-0.306811366,-0.255656418,0.346272934,1.170946281,-0.258569632,0.330840701,-0.138319249,3,0.582327786,0.742127685,0.23244243,-0.184115951
79,4,1,0,-0.346325249,-0.587749781,-0.212666761,0.144077558,0.799374752,1.107599045,-0.246091682,0.309377197,-0.261440543,3,0.592282233,0.742127685,0.23244243,-0.184115951
80,1,1,3,1.771807628,-0.281324688,-0.647182541,0.94354551,1.252476569,0.326885196,-0.305937803,1.063815869,0.413284888,3,0.628005854,0.742127685,-0.029976362,0.034818899
81,1,1,2,1.065763335,-1.835052357,1.838194167,-0.655390394,-1.013032519,1.275687719,-0.708370787,-0.837267118,-0.889716425,3,-1.314441637,0.413400232,0.582346095,0.164088858
82,1,1,0,-0.346325249,1.396371164,-0.359890063,-1.05512437,-1.013032519,-1.187112518,-1.00394856,-0.893094678,-0.301437745,3,-0.152477842,0.446276344,0.77187476,0.185859346
83,1,0,0,0.359719043,-0.956723558,-0.589501038,-1.05512437,-1.013032519,0.865463793,1.371382793,-0.602000577,0.790120333,3,-0.58555363,-2.588962957,0.419056922,-1.641631668
83,2,0,0,1.771807628,-0.775752611,-0.744215886,-0.655390394,-0.559930702,1.512157379,1.529863398,0.097555411,1.439665049,3,-0.520471271,-2.588962957,0.419056922,-1.641631668
84,1,0,0,-1.052369541,1.206530946,0.48646119,-0.255656418,-0.559930702,-0.063737708,0.689232442,1.422598429,-0.91416989,3,1.593174359,-0.082423142,-0.213676683,1.616561693
85,1,1,0,-1.052369541,-2.078299739,2.800863748,0.94354551,-0.559930702,-0.18056833,-1.665715468,-0.898363609,-0.226903006,3,-1.223475423,-0.041333613,1.876990853,-0.219785112
86,1,0,0,-0.346325249,-0.591229077,0.277487315,-0.655390394,-0.559930702,1.520169794,-0.94133869,-1.250667713,1.534859108,1,-1.280828176,0.4353139,-0.315732416,-0.304653116
86,2,1,2,-0.346325249,-0.450677478,0.162950969,-0.255656418,-0.106828884,1.277943317,-0.912770524,-0.947355342,1.382553742,1,-1.24804043,0.4353139,-0.315732416,-0.304653116
87,1,0,0,-1.052369541,-0.223355839,0.479480325,-0.255656418,0.799374752,1.279734828,-0.94416616,-0.484407247,0.726518646,1,-1.263855156,0.4353139,0.337412335,0.518197529
87,2,1,0,-1.052369541,-0.206153181,0.588512474,0.144077558,1.252476569,1.451653032,-1.001678216,-0.155547033,0.813934792,1,-1.307423064,0.4353139,0.337412335,0.518197529
88,1,1,2,-0.346325249,0.5131585,0.69670621,-0.255656418,1.252476569,-0.608591458,0.043987522,1.39855793,-0.114688491,3,1.734669714,1.881716936,-0.175768561,-0.280336588
89,1,0,0,0.359719043,-0.720630156,-0.325709505,-0.255656418,1.705578387,1.110523721,0.659967355,0.22697349,-1.208304141,3,1.1949162,1.881716936,-0.169940217,-0.219785112
90,1,0,0,1.065763335,1.571796435,0.280490071,-0.255656418,-1.013032519,-0.103251719,1.464236747,-0.597730019,-0.591345651,3,1.044945804,1.881716936,-0.642310763,0.134446556
90,2,0,0,-1.052369541,1.53535316,0.301277494,0.144077558,-0.559930702,-0.38626218,1.305764271,-0.526118814,-0.838848523,3,1.047319733,1.881716936,-0.642310763,0.134446556
90,3,0,0,0.359719043,0.991644867,0.34515652,0.543811534,-0.106828884,-0.689556465,1.125130342,-0.689050887,-0.885864295,3,1.121874871,1.881716936,-0.642310763,0.134446556
90,4,1,0,1.771807628,-0.051491526,0.425658052,0.94354551,0.346272934,-0.29912464,1.390782189,-0.702883269,-0.472570467,3,1.260961892,1.881716936,-0.642310763,0.134446556
91,1,0,0,0.359719043,0.859436856,-0.958967028,-1.05512437,-1.013032519,-1.412690064,-0.123225786,0.194833306,1.13238864,3,-0.494851185,0.051807889,-0.642310763,0.272203315
91,2,1,0,-0.346325249,0.911548788,-0.693998233,-0.655390394,-0.559930702,-1.48680568,-0.156346378,0.587659844,0.811206152,3,-0.523200717,0.051807889,-0.642310763,0.272203315
92,1,0,0,-0.346325249,0.205331479,-1.168532918,-0.655390394,-1.013032519,-0.303253404,0.110861335,0.003565634,-0.575277519,3,0.641859508,0.703775962,0.623168389,2.506322764
92,2,0,0,-0.346325249,0.380870953,-0.911365529,-0.255656418,-0.559930702,-0.488627724,0.030917396,0.59992476,-0.825055848,3,0.592912987,0.703775962,0.623168389,2.506322764
92,3,0,0,1.065763335,0.080728071,-1.074330662,0.144077558,-0.106828884,-0.331662221,0.075625925,0.563543294,-1.107005984,3,0.649784074,0.703775962,0.623168389,2.506322764
92,4,0,0,1.771807628,0.106526783,-1.158706784,0.543811534,0.346272934,-0.389231255,0.02796856,0.829999217,-1.184013251,3,0.649153319,0.703775962,0.623168389,2.506322764
93,1,0,0,0.359719043,-1.78376257,1.810571878,-1.05512437,-1.013032519,1.283457498,-0.236934865,0.927484596,0.1908946,3,-1.357711371,-2.588962957,0.646493707,-1.462055892
94,1,0,0,1.065763335,-0.713189951,-0.163984811,-0.655390394,-0.559930702,1.130918584,-0.17102791,0.802170496,-0.474065633,3,0.523185985,0.843482605,0.308258673,-0.246844476
95,1,0,0,1.065763335,-1.080576628,0.180637325,-0.655390394,-1.013032519,0.271355352,-1.246324399,0.624820817,-0.54205044,3,1.170798456,0.446276344,0.693144345,0.195945109
96,1,0,0,0.359719043,-1.489021393,0.554155746,-1.05512437,-1.013032519,-1.666422498,0.711484273,-0.385779535,1.620463752,1,-1.453310761,-0.17830245,0.187248878,-0.342782219
97,1,0,0,-0.346325249,-0.317688966,-0.867831297,-0.255656418,-1.013032519,-0.591242439,-0.644108834,-0.299347544,-1.519386942,3,0.809376337,0.769516964,0.990569029,0.70009795
97,2,1,2,0.359719043,0.103669342,-1.002031004,0.144077558,-0.559930702,-0.611637021,-0.558121989,0.345717786,-1.537777206,3,0.766141009,0.769516964,0.990569029,0.70009795
98,1,0,0,-0.346325249,-1.397152375,0.868923465,0.144077558,-1.013032519,-1.672679343,0.357886442,-1.125481967,0.378256694,1,-1.42462865,-0.17830245,0.500701509,-0.388291149
98,2,0,0,-0.346325249,-1.397152375,1.154001266,0.543811534,-0.559930702,-1.672679343,0.357886442,-0.764182558,0.48669016,1,-1.42462865,-0.17830245,0.500701509,-0.388291149
98,3,1,0,1.065763335,-1.533200293,1.172955031,0.94354551,-0.106828884,-1.650486895,0.380840824,-0.566062395,0.477158404,1,-1.428619604,-0.17830245,0.500701509,-0.388291149
99,1,0,0,-0.346325249,0.038533778,0.64073626,-1.05512437,-0.559930702,0.934268585,-1.029335103,0.627245624,1.872077229,1,-1.274463294,0.4353139,-2.88168467,-1.433766557
100,1,1,0,-0.346325249,-0.141947248,0.444587756,1.343279486,-1.013032519,1.008733162,-0.928945002,0.564206788,2.032091487,1,-1.228670544,0.4353139,0.337412335,1.815817006
101,1,0,0,0.359719043,-0.589680625,0.431505946,-1.05512437,-1.013032519,-0.121520841,-1.019242166,-0.864363935,1.484517089,1,-1.059387603,0.528455402,0.419056922,0.290652881
101,2,0,0,0.359719043,-0.696718603,0.373292734,-0.655390394,-0.559930702,-0.309825336,-0.967306352,-0.754907813,0.94442953,1,-1.003227548,0.528455402,0.419056922,0.290652881
102,1,0,0,1.065763335,0.39490952,-0.507848332,-1.05512437,-1.013032519,-0.571379592,0.377577663,2.033425905,1.259526538,2,-0.786041698,-0.17830245,0.337412335,-0.099247948
102,2,0,0,0.359719043,0.39490952,-0.551133208,-1.05512437,-1.013032519,-0.571379592,0.377577663,2.394725314,1.128717865,1,-0.786041698,-0.17830245,0.337412335,-0.099247948
102,3,0,0,0.359719043,0.561895699,-0.763871549,-1.05512437,-1.013032519,-0.681945211,0.372312791,3.64887587,1.21863255,2,-0.720569419,-0.17830245,0.337412335,-0.099247948
102,4,0,0,1.771807628,0.555602429,-0.715843578,-0.655390394,-0.559930702,-0.554364039,0.46864016,3.308985726,1.212958807,2,-0.744870655,-0.17830245,0.337412335,-0.099247948
102,5,0,0,1.065763335,0.518025493,-0.615841417,-0.255656418,-0.106828884,-0.544772482,0.460160428,3.279194399,1.260940087,2,-0.769504471,-0.17830245,0.337412335,-0.099247948
103,1,0,0,1.065763335,-0.0612037,-0.292319441,-1.05512437,-1.013032519,0.964354168,1.304502558,-0.822028932,-0.202429137,3,0.845432537,-0.485116236,-0.642310763,-0.676104379
103,2,0,0,0.359719043,-0.146172223,-0.369723139,-0.655390394,-0.559930702,0.866334917,1.249739419,-0.50617021,-0.595458811,3,0.822335468,-0.485116236,-0.642310763,-0.676104379
103,3,0,0,-0.346325249,0.464295864,-0.377184296,-0.255656418,-0.106828884,0.90901084,1.429615413,0.068182682,-0.80061023,3,0.884080563,-0.485116236,-0.642310763,-0.676104379
103,4,0,0,-0.346325249,1.0271433,-0.206313536,0.144077558,0.346272934,0.485504602,1.343678267,0.339000572,-1.076943943,3,0.864882701,-0.485116236,-0.642310763,-0.676104379
103,5,0,0,0.359719043,0.883561229,0.126007289,0.543811534,0.799374752,0.808355341,1.473329467,0.770858589,-1.123229645,3,0.901294417,-0.485116236,-0.642310763,-0.676104379
103,6,1,2,-0.346325249,0.572040022,-0.208338377,0.94354551,1.252476569,0.930177598,1.474385066,1.02245176,-0.978128053,3,0.901890766,-0.485116236,-0.642310763,-0.676104379
104,1,0,0,0.359719043,1.042457384,-0.16654364,-0.655390394,1.705578387,0.363716457,1.265282171,1.036651914,-1.434433339,3,0.843987537,-0.485116236,0.23244243,0.428409641
105,1,0,0,0.359719043,1.66918601,0.456346091,-1.05512437,-1.013032519,-1.431178337,0.194736491,-1.148068853,-1.006071207,3,0.967764434,0.391486565,0.617340045,-0.32064274
105,2,1,0,0.359719043,1.767429459,0.423376643,-0.655390394,-0.559930702,-1.29948833,0.346462376,-0.760166676,-1.143316692,3,0.937992839,0.391486565,0.617340045,-0.32064274
106,3,0,0,-1.052369541,-0.433518564,-0.421174524,-0.255656418,0.346272934,-1.557333253,1.222899007,-1.173672557,0.792167068,2,-1.213452167,-1.186398476,-1.388768732,-0.586316491
106,4,0,0,-1.052369541,-0.689826442,-0.651159024,0.144077558,0.799374752,-1.614617744,1.265740992,-0.739327645,1.344958798,2,-1.226090186,-1.186398476,-1.388768732,-0.586316491
106,5,0,0,-1.052369541,-0.693726906,-0.231156126,0.543811534,1.252476569,-1.621924609,1.240268421,-0.474594964,1.287430045,2,-1.238292411,-1.186398476,-1.388768732,-0.586316491
106,6,1,1,-1.052369541,-0.473732671,-0.406203025,0.94354551,1.705578387,-1.556079414,1.255166957,-0.272505436,1.470201706,2,-1.20138756,-1.186398476,-1.388768732,-0.586316491
107,1,0,0,-1.052369541,0.758801708,-1.292963922,0.144077558,-0.559930702,0.404324075,1.095227992,-0.26794661,-0.806469767,3,0.054845307,-0.485116236,-1.388768732,-0.875359692
107,2,1,1,-1.052369541,0.932041759,-1.411039974,0.543811534,-0.106828884,0.346977075,1.074695243,0.247031357,-0.631300325,3,0.074880352,-0.485116236,-1.388768732,-0.875359692
108,1,0,0,-0.346325249,0.628844728,-1.554768917,-0.655390394,-0.559930702,0.050536407,0.735436895,1.301235817,2.209290581,2,-0.553855367,-1.186398476,-0.082467287,-0.154596646
108,2,0,0,-0.346325249,0.414678141,-1.755844505,-0.255656418,-0.106828884,0.48089154,0.855370169,0.442314819,2.005257712,2,-0.454723754,-1.186398476,-0.082467287,-0.154596646
108,3,0,0,-1.052369541,0.210965555,-1.465058253,0.144077558,0.346272934,0.464941334,0.889994461,0.988438216,2.603846698,2,-0.528854567,-1.186398476,-0.082467287,-0.154596646
108,4,0,0,-1.052369541,-0.055501919,-1.658129521,0.543811534,0.799374752,1.521381691,1.30360864,-0.693636769,2.086866063,2,-0.377863496,-1.186398476,-0.082467287,-0.154596646
108,5,0,0,0.359719043,0.18267441,-1.517603073,0.94354551,1.252476569,0.709427884,0.952100129,1.026563067,2.134346503,2,-0.480527332,-1.186398476,-0.082467287,-0.154596646
108,6,0,0,1.065763335,0.566379227,-1.330992978,1.343279486,1.705578387,0.301439365,0.78383348,1.389949409,1.2843672,3,-0.441454981,-1.186398476,-0.082467287,-0.154596646
108,7,0,0,1.771807628,0.197485277,-1.151072164,1.743013462,2.158680205,0.894081907,1.020134586,1.107328115,1.116282565,3,-0.427417834,-1.186398476,-0.082467287,-0.154596646
108,8,0,0,1.065763335,0.416845845,-1.05997419,2.142747438,2.611782023,0.648774106,0.923207799,1.565895995,0.927887519,3,-0.412738466,-1.186398476,-0.082467287,-0.154596646
108,9,0,0,0.359719043,0.401220628,-1.117498032,2.542481414,3.064883841,0.679030357,0.936085306,1.843939014,0.652327827,3,-0.406396519,-1.186398476,-0.082467287,-0.154596646
108,10,0,0,1.065763335,0.5463975,-1.162747132,2.94221539,3.517985658,0.324261073,0.795132322,2.957933749,1.049133091,3,-0.46738471,-1.186398476,-0.082467287,-0.154596646
108,11,1,0,3.183896212,0.787656242,-1.05123433,3.341949366,3.971087476,-0.027875304,0.670403881,3.698521723,1.348127628,3,-0.509392935,-1.186398476,-0.082467287,-0.154596646
109,2,0,0,-1.052369541,0.691391775,-1.558445594,2.142747438,-0.559930702,-1.232705248,0.0787729,1.421067246,0.647305022,3,-0.676554249,-1.186398476,1.597063143,0.374290914
109,3,0,0,-0.346325249,0.775305774,-0.995243677,2.542481414,-0.106828884,-1.292263513,-0.018652733,1.042481053,1.705802111,2,-0.714055449,-1.186398476,1.597063143,0.374290914
109,4,0,0,-0.346325249,0.727096648,-1.122888815,2.94221539,0.346272934,-1.33570918,-0.020079244,1.352935682,1.972836658,2,-0.702082589,-1.186398476,1.597063143,0.374290914
109,5,0,0,-0.346325249,1.294061981,-0.643715549,3.341949366,0.799374752,-1.4470629,-0.201248828,0.200900188,2.194643838,2,-0.747623037,-1.186398476,1.597063143,0.374290914
109,6,1,3,-0.346325249,1.022612404,-0.5699538,3.741683342,1.252476569,-1.482651634,-0.130366823,1.072365442,2.139402365,2,-0.714032512,-1.186398476,1.597063143,0.374290914
110,1,0,0,0.359719043,0.326252714,-1.015396979,-1.05512437,1.705578387,-0.517844119,0.428921256,0.459496304,2.089380167,2,-0.812888887,-1.186398476,0.337412335,-0.202565517
110,2,0,0,-0.346325249,0.231808921,-0.777071212,-1.05512437,2.158680205,-0.513263235,0.507723559,0.283240736,1.318125302,2,-0.824104843,-1.186398476,0.337412335,-0.202565517
110,3,1,0,0.359719043,0.366728376,-0.616202325,-0.655390394,2.611782023,-0.510453573,0.529580798,1.056136718,1.274026926,2,-0.792074001,-1.186398476,0.337412335,-0.202565517
111,1,0,0,-1.052369541,-1.109822388,0.449717028,-0.655390394,0.799374752,0.148718006,-0.942423662,-0.387969667,-0.088447759,3,0.497669113,-1.186398476,0.7573039,1.863785878
111,2,0,0,-1.052369541,-1.127400472,0.672868839,-0.255656418,1.252476569,0.171800363,-0.932917539,-0.044584804,-0.230971873,3,0.510364474,-1.186398476,0.7573039,1.863785878
111,3,0,0,-1.052369541,-1.182032288,0.871604815,0.144077558,1.705578387,0.0902743,-0.987703836,0.335600211,-0.046867588,3,0.503999591,-1.186398476,0.7573039,1.863785878
111,4,0,0,-1.052369541,-1.40700669,0.790886011,0.543811534,2.158680205,-0.088486914,-1.082963356,0.211343281,-0.386826758,3,0.435373541,-1.186398476,0.7573039,1.863785878
111,5,1,3,-1.052369541,-1.123417307,0.68889691,0.94354551,2.611782023,0.187152757,-0.882863179,0.536767973,-0.263472249,3,0.444376123,-1.186398476,0.7573039,1.863785878
112,1,0,0,-1.052369541,-1.221594105,0.899986441,0.543811534,-0.559930702,-0.053957079,-1.100306602,-1.250667713,-0.131495918,3,0.519963405,-1.186398476,-1.388768732,0.278353171
112,2,0,0,-1.052369541,-1.253561026,1.018112809,0.94354551,-0.106828884,0.038249237,-1.05259071,-0.958722308,-0.062842685,3,0.566730957,-1.186398476,-1.388768732,0.278353171
112,3,1,3,-1.052369541,-1.187025921,0.655214762,1.343279486,0.346272934,0.067553816,-1.013466482,-0.628232394,-0.113590313,3,0.523610311,-1.186398476,-1.388768732,0.278353171
113,1,0,0,-0.346325249,0.148543968,0.732004684,-0.255656418,0.346272934,1.057385764,-1.393370239,-0.788593299,-1.075465045,1,-1.382138758,-1.186398476,-0.082467287,0.182415427
113,2,0,0,-1.052369541,0.705425025,0.728904344,0.144077558,0.799374752,0.867368656,-1.211246136,-1.137072717,-0.018197992,1,-1.363984507,-1.186398476,-0.082467287,0.182415427
113,3,0,0,-0.346325249,0.606490069,0.811938123,0.543811534,1.252476569,0.884002635,-1.182398889,-0.872541847,0.338329653,1,-1.355692958,-1.186398476,-0.082467287,0.182415427
113,4,0,0,-0.346325249,0.658619097,0.651287996,0.94354551,1.705578387,0.8672766,-1.189446582,-0.500637758,0.186002729,1,-1.355004862,-1.186398476,-0.082467287,0.182415427
113,5,1,2,-0.346325249,0.682341656,0.743528813,1.343279486,2.158680205,0.916847988,-1.243242145,-0.188521111,-0.404833592,1,-1.389524316,-1.186398476,-0.082467287,0.182415427
114,1,1,1,-1.052369541,0.886702868,-0.597209779,1.343279486,-1.013032519,-0.606299921,0.046810152,0.340803877,-0.248073545,3,0.506488203,0.040845445,-1.388768732,-0.538581314
115,1,0,0,-1.052369541,-0.931150432,0.779552258,-1.05512437,-0.559930702,-0.125265858,0.18899294,-0.567622584,-0.151375374,2,-1.300220999,0.040845445,-0.082467287,1.430836062
115,2,0,0,-0.346325249,-1.414101679,0.834952592,-0.655390394,-0.106828884,0.61315598,0.01680973,-0.589327872,-0.323690142,2,-1.323616243,0.040845445,-0.082467287,1.430836062
115,3,1,2,-0.346325249,-1.344441753,1.103750791,-0.255656418,0.346272934,0.538722323,0.068336144,-0.165859411,-0.190272113,2,-1.302938976,0.040845445,-0.082467287,1.430836062
116,1,0,0,-0.346325249,-0.781579524,-0.444257611,-1.05512437,-0.559930702,-1.639181719,1.221758072,0.150216076,1.454535289,2,-1.254519995,0.742127685,-0.082467287,0.806010759
116,2,1,4,-0.346325249,-0.440943921,-0.318471237,-0.655390394,-0.106828884,-1.525656257,1.085236565,-0.029053881,1.367242145,1,-1.262203727,0.742127685,-0.082467287,0.806010759
117,1,0,0,-0.346325249,-1.141286545,-0.29432835,-1.05512437,-1.013032519,0.965209118,-0.327736777,-1.163174542,1.209976938,3,0.642008595,1.443409926,0.337412335,0.398890335
117,2,1,1,-0.346325249,-0.69676144,-0.038654563,-0.655390394,-0.559930702,1.180045025,-0.277276229,-0.936873101,0.003698968,3,0.591628543,1.443409926,0.337412335,0.398890335
118,1,0,0,-0.346325249,-0.738617049,-0.470956208,-1.05512437,-1.013032519,-1.32638629,1.135765966,-0.591372134,1.585489564,2,-1.128839367,-0.485116236,-0.082467287,-0.57401678
118,2,0,0,-0.346325249,-0.7457361,-0.20369884,-0.655390394,-0.559930702,-1.316020719,1.146516659,-0.224977872,1.749101809,2,-1.122715318,-0.485116236,-0.082467287,-0.57401678
118,3,0,0,-1.052369541,-0.738717712,0.189845278,-0.255656418,-0.106828884,-1.323898699,1.148425717,0.145247379,1.483774518,2,-1.125708533,-0.485116236,-0.082467287,-0.57401678
118,4,1,1,-1.052369541,-0.793009965,0.327057732,0.144077558,0.346272934,-1.302481944,1.079639021,0.226366798,1.302386255,2,-1.128300359,-0.485116236,-0.082467287,-0.57401678
119,1,0,0,0.359719043,0.766027471,-1.766717338,-0.655390394,-0.559930702,0.926721071,1.260130886,-0.693476642,0.088275382,3,-0.096386597,-0.485116236,0.337412335,-0.532197764
119,2,0,0,0.359719043,0.944907612,-1.637267965,-0.255656418,-0.106828884,0.851179276,1.192261114,-0.54541323,-0.141937325,3,-0.107017671,-0.485116236,0.337412335,-0.532197764
119,3,1,0,2.47785192,0.649680525,-1.547482689,0.144077558,0.346272934,0.879789879,1.259109641,0.079263711,-0.368288724,3,-0.077085521,-0.485116236,0.337412335,-0.532197764
120,1,0,0,-1.052369541,-0.484067715,1.422394383,0.94354551,-1.013032519,1.550091887,-1.640281797,0.244581997,-0.81693062,1,-1.581491469,0.040845445,-1.388768732,-0.154596646
120,2,1,0,-1.052369541,-0.478288945,1.636196199,1.343279486,-0.559930702,1.557511679,-1.692759817,0.487200209,-0.786204376,1,-1.591744091,0.040845445,-1.388768732,-0.154596646
121,1,0,0,-1.052369541,-0.45720214,1.315907022,-1.05512437,-0.106828884,1.483006916,-1.602768328,0.660975336,-0.489940354,1,-1.595998814,0.040845445,0.337412335,1.984323043
121,2,1,2,-0.346325249,0.090325506,0.979991142,-0.655390394,0.346272934,1.147545221,-1.384120417,0.058177714,-0.76549459,1,-1.463276676,0.040845445,0.337412335,1.984323043
122,1,0,0,-0.346325249,-1.016025847,-1.375435855,-0.255656418,-0.559930702,1.358932226,1.538050904,-1.245481528,1.270753185,3,-0.219475399,0.4353139,0.47737619,0.157816006
122,2,1,1,0.359719043,-0.935460676,-1.104635215,0.144077558,-0.106828884,1.430682701,1.554562169,-0.873303489,0.56177158,3,-0.218695558,0.4353139,0.47737619,0.157816006
123,1,0,0,0.359719043,1.097154857,0.570748916,-0.655390394,-0.559930702,1.138360553,1.71397435,-1.137487323,0.28564665,3,1.230960932,0.566807125,-0.642310763,-0.682254234
123,2,0,0,2.47785192,1.103146591,0.212204596,-0.255656418,-0.106828884,1.14342828,1.607012086,-0.920019459,0.319852354,3,1.277132134,0.566807125,-0.642310763,-0.682254234
123,3,0,0,1.065763335,1.143316603,0.105829548,0.144077558,0.346272934,1.112970325,1.642366365,-0.544245402,0.023447364,3,1.270205307,0.566807125,-0.642310763,-0.682254234
123,4,1,0,1.065763335,1.114632309,0.033195677,0.543811534,0.799374752,0.996036931,1.52192543,-0.225353894,-0.348397402,3,1.328303497,0.566807125,-0.642310763,-0.682254234
124,1,0,0,-0.346325249,-0.717769554,0.086180057,-1.05512437,-0.559930702,1.095775011,-0.534941842,-1.250667713,-0.026483056,3,0.684223249,0.4353139,-0.642310763,-0.2628341
124,2,0,0,-0.346325249,-0.601457689,0.192688118,-0.655390394,-0.106828884,1.150465557,-0.491730211,-0.908666881,-0.026473346,3,0.674566977,0.4353139,-0.642310763,-0.2628341
124,3,0,0,-1.052369541,-0.647950772,0.31298316,-0.255656418,0.346272934,1.104506488,-0.583678288,-0.628304721,0.040554415,3,0.725944768,0.4353139,-0.642310763,-0.2628341
124,4,0,0,-1.052369541,-0.669192696,0.129456472,0.144077558,0.799374752,1.121794682,-0.496982417,-0.29050117,-0.498557277,3,0.66533503,0.4353139,-0.642310763,-0.2628341
124,5,0,0,-0.346325249,-0.517352145,0.081535977,0.543811534,1.252476569,1.175629327,-0.441319041,0.013692419,-0.543423327,3,0.650323082,0.4353139,-0.642310763,-0.2628341
124,6,1,0,-0.346325249,-0.610684106,0.116070691,0.94354551,1.705578387,1.117541211,-0.574742017,0.290849485,-0.468949907,3,0.723937823,0.4353139,-0.642310763,-0.2628341
125,1,0,0,0.359719043,0.849910138,-1.074559972,0.543811534,1.252476569,-0.621661453,-0.275709989,0.927875424,-1.022381512,3,0.606686364,0.742127685,0.191620136,-0.115237571
125,2,1,2,1.065763335,0.778613719,-1.322193246,0.94354551,1.705578387,-0.653605804,-0.063253013,0.759351848,-0.928300956,3,0.515869237,0.742127685,0.191620136,-0.115237571
126,1,1,2,-1.052369541,0.062315291,-0.477422217,-0.655390394,-0.559930702,0.366214832,0.568558655,0.232585774,-0.899032131,3,0.16937879,0.742127685,0.47737619,1.059384799
127,1,0,0,-1.052369541,-0.644747901,0.501664673,-0.255656418,-1.013032519,0.041471649,-1.292682036,-1.250667713,-0.550446527,3,1.251729945,0.742127685,0.337412335,0.1282967
127,2,0,0,-1.052369541,-0.736863985,0.413281243,0.144077558,-0.559930702,0.108736183,-1.281667689,-0.922823023,-0.594144696,3,1.228713153,0.742127685,0.337412335,0.1282967
127,3,0,0,-1.052369541,-0.722157231,0.221419442,0.543811534,-0.106828884,0.052459696,-1.296869099,-0.58270357,-0.802489548,3,1.245858197,0.742127685,0.337412335,0.1282967
127,4,0,0,-1.052369541,-0.776179522,0.175787489,0.94354551,0.346272934,0.09726026,-1.287704225,-0.2478784,-0.964177245,3,1.230983868,0.742127685,0.337412335,0.1282967
127,5,0,0,-0.346325249,-0.796575,0.198033596,1.343279486,0.799374752,0.076267913,-1.294857996,0.078097264,-0.902456179,3,1.236282203,0.742127685,0.337412335,0.1282967
127,6,1,2,-0.346325249,-0.767815819,0.178138499,1.743013462,1.252476569,0.114447565,-1.282071269,0.46126898,-0.803169615,3,1.226270415,0.742127685,0.337412335,0.1282967
128,1,0,0,0.359719043,-0.602500924,-1.159565259,-0.255656418,1.705578387,1.47684515,1.55783332,-0.493708259,0.382582203,3,-0.210071429,-1.186398476,0.337412335,0.398890335
128,2,0,0,0.359719043,-1.063539574,-0.890644578,0.144077558,2.158680205,1.250856002,1.505207518,-0.425884662,-0.147089683,3,-0.216367502,-1.186398476,0.337412335,0.398890335
128,3,1,2,-0.346325249,-0.909516834,-0.996211035,0.543811534,2.611782023,1.542187037,1.567717152,-0.051402757,0.256818094,3,-0.263937831,-1.186398476,0.337412335,0.398890335
129,1,0,0,-1.052369541,1.02357691,-1.395189836,-0.655390394,-1.013032519,-0.688518595,0.056079232,0.121215469,-0.629921098,3,0.410086035,0.802393076,-0.070798656,-0.035596945
129,2,0,0,-0.346325249,0.947941715,-1.289268589,-0.255656418,-0.559930702,-0.64212983,0.070674929,0.417073602,-0.739038073,3,0.434800129,0.802393076,-0.070798656,-0.035596945
129,3,0,0,-0.346325249,1.088195421,-0.940595716,0.144077558,-0.106828884,-0.683131963,0.056836748,0.723229755,-0.898689907,3,0.410693852,0.802393076,-0.070798656,-0.035596945
129,4,0,0,-0.346325249,1.140386427,-1.199295043,0.543811534,0.346272934,-0.674534341,0.057444606,0.797721245,-1.062530785,3,0.408950677,0.802393076,-0.070798656,-0.035596945
129,5,0,0,-0.346325249,1.143621442,-1.309832372,0.94354551,0.799374752,-0.709201453,0.050032932,1.348879441,-1.108942459,3,0.393846983,0.802393076,-0.070798656,-0.035596945
130,1,0,0,-0.346325249,0.54186111,-0.810591484,-0.655390394,-1.013032519,-0.746050685,-0.015266651,1.481764635,2.490618571,2,-0.82201762,0.566807125,-0.362383053,-0.502678458
130,2,0,0,0.359719043,1.383669028,-0.628133983,-0.255656418,-1.013032519,-1.423133262,-0.248652216,0.552479155,2.116774895,2,-0.757841254,0.566807125,-0.362383053,-0.502678458
130,3,0,0,0.359719043,1.403080236,-0.371335271,0.144077558,-0.559930702,-1.366928873,-0.280451608,0.613738956,1.760422304,2,-0.771098559,0.566807125,-0.362383053,-0.502678458
130,4,0,0,-0.346325249,1.416544861,-0.33115878,0.543811534,-0.106828884,-1.441081807,-0.2752381,1.010025223,1.745333514,2,-0.755042999,0.566807125,-0.362383053,-0.502678458
130,5,0,0,-0.346325249,1.413624269,-0.323976124,0.94354551,0.346272934,-1.350447294,-0.289314742,1.238532628,1.078150652,2,-0.774665187,0.566807125,-0.362383053,-0.502678458
130,6,0,0,0.359719043,0.956431912,-0.331088125,1.343279486,0.799374752,-0.836875681,-0.232954594,1.874978528,1.627126973,2,-0.854209017,0.566807125,-0.362383053,-0.502678458
130,7,1,0,1.771807628,0.860009306,-0.561315155,1.743013462,1.252476569,-1.357311158,-0.088842691,3.316907413,1.381033846,2,-0.729239421,0.566807125,-0.362383053,-0.502678458
131,1,0,0,-0.346325249,-0.286103936,-0.831403788,-0.655390394,-0.559930702,1.006334689,1.469023206,-1.229794626,1.530802183,2,-0.646839995,-0.485116236,0.663990682,-0.177966096
131,2,0,0,0.359719043,-0.161480817,-0.573773329,-0.255656418,-0.106828884,-0.188788045,1.276560843,-1.043967483,1.468969134,2,-0.7836563,-0.485116236,0.663990682,-0.177966096
131,3,0,0,0.359719043,-0.161270033,-0.532396189,0.144077558,0.346272934,0.301189761,1.321562362,-0.672447097,1.427070514,2,-0.721062554,-0.485116236,0.663990682,-0.177966096
131,4,1,0,-0.346325249,-0.192015596,-0.58597809,0.543811534,0.799374752,0.419029335,1.37970916,-0.383817787,1.169993309,2,-0.711578305,-0.485116236,0.663990682,-0.177966096
132,1,0,0,0.359719043,0.542604329,-0.812761009,-1.05512437,-1.013032519,0.239875672,0.815225725,0.720114113,-0.812348984,3,0.173644981,2.311799309,0.314087016,0.011449449
132,2,1,2,-0.346325249,0.560357471,-1.127944533,-0.655390394,-0.559930702,0.252727899,0.926295763,0.910758733,-0.074646662,3,0.13305882,2.311799309,0.314087016,0.011449449
133,1,0,0,0.359719043,0.536382484,-0.893360003,-0.655390394,-0.106828884,0.230071753,0.904793079,1.276248083,-0.102463363,3,0.152898904,2.311799309,0.77187476,0.011449449
133,2,0,0,2.47785192,0.40233494,-0.925566045,-0.255656418,0.346272934,0.247036774,0.967770822,1.504812598,-0.097870218,3,0.131636756,2.311799309,0.77187476,0.011449449
134,1,0,0,-1.052369541,-1.891835413,2.644757486,-1.05512437,-1.013032519,-1.275204172,-2.10651767,-1.250667713,-0.253143357,3,3.08618086,-2.588962957,0.308258673,-1.760938861
134,2,0,0,-1.052369541,-1.91362296,2.556492636,-0.655390394,-0.559930702,-1.272003364,-2.10434229,-0.908911665,-0.343190941,3,3.069540419,-2.588962957,0.308258673,-1.760938861
135,1,0,0,-0.346325249,-0.657028341,0.758903198,-1.05512437,-1.013032519,-0.813216801,0.537792953,-1.168892959,-0.209780749,3,1.537117519,-2.588962957,0.617340045,-3.469368676
135,2,0,0,-0.346325249,0.583017236,1.06859188,-0.655390394,-0.559930702,-0.930289549,0.724825915,-0.825401581,-0.572398041,3,1.345345327,-2.588962957,0.617340045,-3.469368676
135,3,0,0,-1.052369541,0.340026924,0.873346403,-0.255656418,-0.106828884,-1.014743166,0.483790175,-0.717444103,-0.27868292,3,1.435474358,-2.588962957,0.617340045,-3.469368676
135,4,1,0,-0.346325249,0.605270517,0.81891892,0.144077558,0.346272934,-1.054586641,0.482901861,-0.36173101,-0.497255407,3,1.40387931,-2.588962957,0.617340045,-3.469368676
136,1,0,0,-1.052369541,0.792993255,0.071582524,-1.05512437,-0.106828884,-1.223461042,-1.391243358,-1.250667713,-0.697435565,3,-0.367255358,0.670899851,0.314087016,-0.247299565
136,2,0,0,-0.346325249,0.786311425,0.159187936,-0.655390394,0.346272934,-1.206151998,-1.276759464,-0.975922554,-0.468382635,3,-0.340683407,0.670899851,0.314087016,-0.247299565
136,3,0,0,-0.346325249,0.706464802,0.020597389,-0.255656418,0.799374752,-1.257460506,-1.346228156,-0.635525568,-0.552821971,2,-0.384664173,0.670899851,0.314087016,-0.247299565
136,4,1,2,-1.052369541,0.775951761,0.091184662,0.144077558,1.252476569,-1.193461391,-1.423603439,-0.375543688,-0.855682221,3,-0.344628487,0.670899851,0.314087016,-0.247299565
137,1,0,0,-1.052369541,0.056789335,1.124181565,-0.655390394,-1.013032519,0.790689155,-1.391510156,0.037378546,-1.220045823,1,-1.300255404,-0.046809225,0.990569029,-0.052509047
137,2,0,0,-1.052369541,0.33304227,1.185702318,-0.255656418,-0.559930702,0.856484958,-1.370424905,0.54996488,-1.336837319,1,-1.325393823,-0.046809225,0.990569029,-0.052509047
137,3,0,0,0.359719043,0.012579809,1.065524772,0.144077558,-0.106828884,0.770030171,-1.397604284,0.646612797,-0.939543613,1,-1.293202425,-0.046809225,0.990569029,-0.052509047
137,4,1,2,-1.052369541,-0.44870252,1.158975742,0.543811534,0.346272934,0.768888499,-1.465421743,0.550067604,-1.071425476,1,-1.276779882,-0.046809225,0.990569029,-0.052509047
138,1,0,0,-0.346325249,0.410584965,0.622966477,-1.05512437,2.158680205,-0.708813411,-0.076989359,0.614533987,-0.527865677,3,1.760909086,0.040845445,-0.175768561,0.83061018
138,2,1,3,-0.346325249,0.498813453,0.945430615,-0.655390394,2.611782023,-0.607271132,0.053981899,1.025875229,0.283549425,3,1.732949475,0.040845445,-0.175768561,0.83061018
139,1,0,0,-1.052369541,1.412486463,1.030606794,1.343279486,-1.013032519,-0.01193214,0.302612281,-1.250667713,0.532693054,3,1.63093933,0.040845445,-2.88168467,-1.163172922
139,2,0,0,-1.052369541,1.272467632,1.243329191,1.743013462,-0.559930702,-0.271019841,0.335211366,-1.038749491,0.933984019,3,1.663153663,0.040845445,-2.88168467,-1.163172922
139,3,0,0,-1.052369541,1.405870998,1.212226958,2.142747438,-0.106828884,-0.043841134,0.387867148,-0.683045653,0.229315454,3,1.629494329,0.040845445,-2.88168467,-1.163172922
139,4,0,0,-0.346325249,1.214612281,1.087063743,2.542481414,0.346272934,-0.356562465,0.247840641,-0.445321073,0.155096054,3,1.683074026,0.040845445,-2.88168467,-1.163172922
139,5,0,0,0.359719043,0.876966192,0.757353473,2.94221539,0.799374752,-0.498931698,0.07027769,-0.196099958,-0.076374666,3,1.72067844,0.040845445,-2.88168467,-1.163172922
139,6,0,0,-0.346325249,0.495477534,0.673155972,3.341949366,1.252476569,-0.666967678,-0.057502249,-0.024483193,-0.380745765,3,1.754440989,0.040845445,-2.88168467,-1.163172922
139,7,1,0,-0.346325249,0.469852325,0.549373416,3.741683342,1.705578387,-0.67896199,-0.058794776,0.314274375,-0.583973828,3,1.755702497,0.040845445,-2.88168467,-1.163172922
140,1,1,2,-0.346325249,-0.409741263,1.398347694,-0.655390394,-1.013032519,1.410118568,-1.542616149,1.111674578,-0.173818789,1,-1.571995752,1.333830368,0.308258673,0.199635022
141,1,0,0,2.47785192,0.427814559,-1.282861419,-1.05512437,-1.013032519,0.017566704,0.884196169,1.302536928,-0.647746708,3,0.205331775,0.4353139,0.314087016,-0.142296935
141,2,0,0,2.47785192,0.648095678,-1.289909442,-0.655390394,-1.013032519,-0.140830092,0.689053972,1.620010077,-0.618663942,3,0.276801952,0.4353139,0.314087016,-0.142296935
141,3,0,0,1.771807628,0.61940782,-1.478627308,-0.255656418,-0.559930702,-0.128822402,0.724084994,2.224272992,-0.568173759,3,0.258865599,0.4353139,0.314087016,-0.142296935
141,4,0,0,1.065763335,0.771243435,-1.362306603,0.144077558,-0.106828884,-0.213346446,0.623250026,2.591388124,-0.620917213,3,0.288935368,0.4353139,0.314087016,-0.142296935
141,5,1,0,1.065763335,0.841667637,-1.413214494,0.543811534,0.346272934,-0.27732246,0.543974455,2.856260532,-0.761829054,3,0.311092041,0.4353139,0.314087016,-0.142296935
142,1,0,0,1.065763335,0.028156596,-1.339205612,-1.05512437,-1.013032519,0.436009274,1.203817584,0.582465992,-0.753767605,3,0.071256383,-0.485116236,-0.029976362,0.293112823
142,2,0,0,1.771807628,-0.221224162,-1.268466547,-1.05512437,-0.559930702,0.746604862,1.33522128,0.69456507,-0.543926071,3,-0.009078757,-0.485116236,-0.029976362,0.293112823
142,3,0,0,1.771807628,0.572568504,-1.536796418,-0.655390394,-0.106828884,0.516356445,1.151591951,1.3270935,-0.7084285,3,0.027310022,-0.485116236,-0.029976362,0.293112823
142,4,0,0,2.47785192,0.364554714,-1.860134469,-0.255656418,0.346272934,0.62600879,1.208159707,1.58991407,-0.580789821,3,0.003857437,-0.485116236,-0.029976362,0.293112823
142,5,0,0,3.183896212,0.385671929,-1.558609769,0.144077558,0.799374752,0.817335939,1.264697502,1.645332461,-0.321747873,3,-0.04919472,-0.485116236,-0.029976362,0.293112823
142,6,0,0,1.065763335,0.594933243,-1.513796205,0.543811534,1.252476569,0.889252918,1.270505876,1.850371197,-0.219985386,3,-0.075090044,-0.485116236,-0.029976362,0.293112823
143,1,0,0,-0.346325249,0.132208225,-0.285666936,-0.255656418,-1.013032519,0.102865129,-1.166227634,-1.13346571,-1.018351526,3,1.076414701,0.775003797,0.728138294,0.212131528
143,2,0,0,-0.346325249,-0.088853839,-0.196839988,0.144077558,-0.559930702,0.147921099,-1.174366219,-0.705099971,-0.965388258,3,1.088800418,0.775003797,0.728138294,0.212131528
143,3,0,0,1.065763335,0.209045994,-0.239459585,0.543811534,-0.106828884,0.06741917,-1.160444232,-0.542571138,-1.048041527,3,1.068295175,0.775003797,0.728138294,0.212131528
143,4,0,0,1.771807628,0.053474156,-0.298742918,0.94354551,0.346272934,0.153429193,-1.134353835,-0.18552515,-1.079195834,3,1.043730168,0.775003797,0.728138294,0.212131528
144,1,0,0,-1.052369541,2.038352688,0.642992592,-0.255656418,-1.013032519,-1.334595944,0.045108234,-0.861489371,-1.306820067,3,0.781611687,0.336696786,0.617340045,-0.421500368
144,2,0,0,-1.052369541,1.859274663,0.442403298,0.144077558,-0.559930702,-1.067730789,0.657607206,-0.077400814,-1.250253252,3,0.973750865,0.336696786,0.617340045,-0.421500368
144,3,0,0,-0.346325249,1.557976643,0.531419984,0.543811534,-0.106828884,-1.325402393,0.368856807,0.060913278,-1.325258225,3,0.998040633,0.336696786,0.617340045,-0.421500368
145,1,1,3,0.359719043,-0.669428483,0.134496556,-1.05512437,-1.013032519,0.330919542,-1.217002596,0.425541438,-0.755203731,3,1.154708491,0.769516964,0.693144345,2.366844045
146,1,0,0,0.359719043,-0.600054935,0.266285454,-1.05512437,-1.013032519,-0.402511931,-1.303101474,-0.66710799,-0.317184763,3,1.403787564,2.232358056,0.308258673,0.188565283
146,2,0,0,0.359719043,-0.522023512,0.375634567,-0.655390394,-0.559930702,-0.552123133,-1.356831853,-0.43669686,0.260058347,3,1.470051153,2.232358056,0.308258673,0.188565283
147,1,0,0,0.359719043,-0.259298422,-0.161920699,-1.05512437,-1.013032519,0.171721102,-0.299504508,0.466212401,1.728955897,1,-0.985096234,-2.588962957,0.623168389,-3.469368676
147,2,0,0,0.359719043,-0.455467922,-0.087860997,-0.655390394,-0.559930702,0.559765165,-0.471575842,0.094236398,1.583362988,1,-1.05098137,-2.588962957,0.623168389,-3.469368676
147,3,0,0,0.359719043,-0.388856696,-0.157675925,-0.255656418,-0.106828884,0.434651579,-0.413637943,0.66778289,1.989610322,1,-1.028859103,-2.588962957,0.623168389,-3.469368676
147,4,1,0,0.359719043,-0.314689921,-0.083621571,0.144077558,0.346272934,0.445697187,-0.429608794,0.983024393,2.059509452,1,-1.030625214,-2.588962957,0.623168389,-3.469368676
148,1,0,0,-1.052369541,2.295555305,0.373384913,-1.05512437,-1.013032519,-1.619396045,-1.349155028,-1.250667713,-1.051830895,3,0.399546707,0.407924621,0.247025232,0.183645398
148,2,0,0,-1.052369541,2.06960477,0.348888451,-0.655390394,-1.013032519,-1.581291527,-1.442499586,-0.955819318,-0.997593327,3,0.340221413,0.407924621,0.247025232,0.183645398
149,7,1,1,-0.346325249,0.613496655,-0.299383802,1.343279486,1.705578387,-0.143894045,0.703339434,0.67447617,-0.685592678,3,0.266836037,1.618730486,-2.88168467,-1.93190484
150,1,0,0,-0.346325249,-0.00930629,-0.098505025,0.543811534,-1.013032519,-0.599949929,-0.539698416,-1.240990308,-1.101694474,3,0.790006451,-0.485116236,-1.388768732,-0.82739082
150,2,1,1,-1.052369541,0.218084152,-0.36502206,0.94354551,-0.559930702,-0.602575842,-0.541237429,-0.73131426,-1.066713427,3,0.733731715,-0.485116236,-1.388768732,-0.82739082
151,1,0,0,-1.052369541,1.02616112,-0.654250648,-0.255656418,-0.106828884,-0.218984491,-0.061849959,-0.144600776,0.183972532,3,0.533140432,-0.485116236,-1.388768732,-0.874892303
151,2,1,1,-1.052369541,0.761998389,-0.634355485,0.144077558,0.346272934,-0.316496123,-0.274955306,0.077067176,0.060766866,3,0.603635808,-0.485116236,-1.388768732,-0.874892303
152,1,0,0,-1.052369541,0.016702495,-0.706870491,-1.05512437,1.705578387,0.14749242,-0.356557664,-0.254129137,0.856017362,3,0.642822842,-0.485116236,-0.029976362,-0.82739082
152,2,0,0,-0.346325249,0.174505086,-0.755111832,-0.655390394,2.158680205,0.064356011,-0.351549963,0.142715555,0.486478588,3,0.639107126,-0.485116236,-0.029976362,-0.82739082
152,3,0,0,0.359719043,0.193616674,-0.755140733,-0.255656418,2.611782023,0.114713481,-0.267361607,0.45010783,0.388002255,3,0.610115373,-0.485116236,-0.029976362,-0.82739082
152,4,0,0,-0.346325249,0.136507874,-0.796612808,0.144077558,3.064883841,0.119141586,-0.312084782,0.802348432,0.31094106,3,0.626193869,-0.485116236,-0.029976362,-0.82739082
152,5,1,0,0.359719043,-0.052523841,-0.666372709,0.543811534,3.517985658,0.191070134,-0.320060913,1.036550564,0.209801884,3,0.630540338,-0.485116236,-0.029976362,-0.82739082
153,1,0,0,-1.052369541,-2.057234594,0.525419808,-1.05512437,-1.013032519,-1.225099703,-0.406061517,-1.250667713,-0.002129474,1,-1.785179181,-1.186398476,-1.388768732,0.951147345
153,2,0,0,-1.052369541,-2.069611642,0.367511015,-1.05512437,-1.013032519,-1.211746518,-0.235646164,-0.967020671,0.230466183,1,-1.741588336,-1.186398476,-1.388768732,0.951147345
153,3,0,0,-1.052369541,-2.090745225,0.714538631,-0.655390394,-0.559930702,-1.235384101,-0.330385208,-0.73092874,0.566326002,1,-1.776314218,-1.186398476,-1.388768732,0.951147345
153,4,1,1,-1.052369541,-2.069105789,0.573530835,-0.255656418,-0.106828884,-1.217343374,-0.313835259,-0.328558489,0.413995071,1,-1.765958382,-1.186398476,-1.388768732,0.951147345